"Order Date","Year","Month (Name)","Quarter","Day of Week (Name)","is_weekend","Date_ID"
"2012-07-31",2012,"juillet",3,"mardi",0,1
"2013-02-05",2013,"février",1,"mardi",0,2
"2013-10-17",2013,"octobre",4,"jeudi",0,3
"2013-01-28",2013,"janvier",1,"lundi",0,4
"2013-11-05",2013,"novembre",4,"mardi",0,5
"2013-06-28",2013,"juin",2,"vendredi",0,6
"2011-11-07",2011,"novembre",4,"lundi",0,7
"2012-04-14",2012,"avril",2,"samedi",1,8
"2014-10-14",2014,"octobre",4,"mardi",0,9
"2012-01-28",2012,"janvier",1,"samedi",1,10
"2011-04-05",2011,"avril",2,"mardi",0,11
"2012-04-19",2012,"avril",2,"jeudi",0,12
"2011-12-27",2011,"décembre",4,"mardi",0,13
"2012-11-13",2012,"novembre",4,"mardi",0,14
"2013-06-06",2013,"juin",2,"jeudi",0,15
"2014-07-31",2014,"juillet",3,"jeudi",0,16
"2014-11-03",2014,"novembre",4,"lundi",0,17
"2014-09-08",2014,"septembre",3,"lundi",0,18
"2014-01-31",2014,"janvier",1,"vendredi",0,19
"2014-12-05",2014,"décembre",4,"vendredi",0,20
"2012-08-08",2012,"août",3,"mercredi",0,21
"2011-10-29",2011,"octobre",4,"samedi",1,22
"2011-05-02",2011,"mai",2,"lundi",0,23
"2013-02-27",2013,"février",1,"mercredi",0,24
"2014-09-05",2014,"septembre",3,"vendredi",0,25
"2011-12-17",2011,"décembre",4,"samedi",1,26
"2011-03-14",2011,"mars",1,"lundi",0,27
"2013-03-11",2013,"mars",1,"lundi",0,28
"2012-02-25",2012,"février",1,"samedi",1,29
"2011-12-28",2011,"décembre",4,"mercredi",0,30
"2012-07-17",2012,"juillet",3,"mardi",0,31
"2012-10-15",2012,"octobre",4,"lundi",0,32
"2011-11-03",2011,"novembre",4,"jeudi",0,33
"2011-12-12",2011,"décembre",4,"lundi",0,34
"2011-09-14",2011,"septembre",3,"mercredi",0,35
"2014-11-05",2014,"novembre",4,"mercredi",0,36
"2014-01-14",2014,"janvier",1,"mardi",0,37
"2011-01-10",2011,"janvier",1,"lundi",0,38
"2013-08-22",2013,"août",3,"jeudi",0,39
"2014-11-11",2014,"novembre",4,"mardi",0,40
"2014-09-26",2014,"septembre",3,"vendredi",0,41
"2012-12-13",2012,"décembre",4,"jeudi",0,42
"2011-09-23",2011,"septembre",3,"vendredi",0,43
"2013-03-08",2013,"mars",1,"vendredi",0,44
"2014-08-28",2014,"août",3,"jeudi",0,45
"2014-05-01",2014,"mai",2,"jeudi",0,46
"2014-12-18",2014,"décembre",4,"jeudi",0,47
"2012-06-16",2012,"juin",2,"samedi",1,48
"2014-09-18",2014,"septembre",3,"jeudi",0,49
"2014-07-25",2014,"juillet",3,"vendredi",0,50
"2013-12-18",2013,"décembre",4,"mercredi",0,51
"2012-05-30",2012,"mai",2,"mercredi",0,52
"2012-03-19",2012,"mars",1,"lundi",0,53
"2012-05-25",2012,"mai",2,"vendredi",0,54
"2014-08-05",2014,"août",3,"mardi",0,55
"2014-08-24",2014,"août",3,"dimanche",1,56
"2014-03-11",2014,"mars",1,"mardi",0,57
"2012-11-08",2012,"novembre",4,"jeudi",0,58
"2014-08-11",2014,"août",3,"lundi",0,59
"2013-08-31",2013,"août",3,"samedi",1,60
"2014-01-18",2014,"janvier",1,"samedi",1,61
"2013-12-02",2013,"décembre",4,"lundi",0,62
"2014-12-07",2014,"décembre",4,"dimanche",1,63
"2014-12-16",2014,"décembre",4,"mardi",0,64
"2014-11-20",2014,"novembre",4,"jeudi",0,65
"2011-11-09",2011,"novembre",4,"mercredi",0,66
"2013-06-07",2013,"juin",2,"vendredi",0,67
"2011-11-22",2011,"novembre",4,"mardi",0,68
"2013-03-29",2013,"mars",1,"vendredi",0,69
"2014-08-26",2014,"août",3,"mardi",0,70
"2012-09-20",2012,"septembre",3,"jeudi",0,71
"2014-05-16",2014,"mai",2,"vendredi",0,72
"2012-03-16",2012,"mars",1,"vendredi",0,73
"2013-11-24",2013,"novembre",4,"dimanche",1,74
"2011-10-28",2011,"octobre",4,"vendredi",0,75
"2014-11-19",2014,"novembre",4,"mercredi",0,76
"2014-10-28",2014,"octobre",4,"mardi",0,77
"2014-01-17",2014,"janvier",1,"vendredi",0,78
"2014-08-18",2014,"août",3,"lundi",0,79
"2013-01-29",2013,"janvier",1,"mardi",0,80
"2012-09-18",2012,"septembre",3,"mardi",0,81
"2013-11-23",2013,"novembre",4,"samedi",1,82
"2012-06-13",2012,"juin",2,"mercredi",0,83
"2013-10-28",2013,"octobre",4,"lundi",0,84
"2013-12-12",2013,"décembre",4,"jeudi",0,85
"2013-05-06",2013,"mai",2,"lundi",0,86
"2014-12-23",2014,"décembre",4,"mardi",0,87
"2012-05-07",2012,"mai",2,"lundi",0,88
"2013-11-27",2013,"novembre",4,"mercredi",0,89
"2012-11-28",2012,"novembre",4,"mercredi",0,90
"2012-09-29",2012,"septembre",3,"samedi",1,91
"2013-09-03",2013,"septembre",3,"mardi",0,92
"2013-07-26",2013,"juillet",3,"vendredi",0,93
"2012-06-19",2012,"juin",2,"mardi",0,94
"2012-10-11",2012,"octobre",4,"jeudi",0,95
"2011-08-09",2011,"août",3,"mardi",0,96
"2011-11-05",2011,"novembre",4,"samedi",1,97
"2014-11-07",2014,"novembre",4,"vendredi",0,98
"2013-04-26",2013,"avril",2,"vendredi",0,99
"2013-12-26",2013,"décembre",4,"jeudi",0,100
"2013-03-13",2013,"mars",1,"mercredi",0,101
"2013-04-17",2013,"avril",2,"mercredi",0,102
"2012-04-05",2012,"avril",2,"jeudi",0,103
"2012-12-26",2012,"décembre",4,"mercredi",0,104
"2013-04-18",2013,"avril",2,"jeudi",0,105
"2011-05-24",2011,"mai",2,"mardi",0,106
"2012-05-22",2012,"mai",2,"mardi",0,107
"2013-05-16",2013,"mai",2,"jeudi",0,108
"2011-12-06",2011,"décembre",4,"mardi",0,109
"2011-02-16",2011,"février",1,"mercredi",0,110
"2013-05-31",2013,"mai",2,"vendredi",0,111
"2013-10-01",2013,"octobre",4,"mardi",0,112
"2011-12-14",2011,"décembre",4,"mercredi",0,113
"2013-12-11",2013,"décembre",4,"mercredi",0,114
"2014-03-18",2014,"mars",1,"mardi",0,115
"2014-12-19",2014,"décembre",4,"vendredi",0,116
"2011-12-20",2011,"décembre",4,"mardi",0,117
"2013-05-24",2013,"mai",2,"vendredi",0,118
"2011-10-14",2011,"octobre",4,"vendredi",0,119
"2013-11-25",2013,"novembre",4,"lundi",0,120
"2013-11-07",2013,"novembre",4,"jeudi",0,121
"2014-07-19",2014,"juillet",3,"samedi",1,122
"2012-08-16",2012,"août",3,"jeudi",0,123
"2013-08-27",2013,"août",3,"mardi",0,124
"2012-01-11",2012,"janvier",1,"mercredi",0,125
"2012-06-14",2012,"juin",2,"jeudi",0,126
"2011-12-01",2011,"décembre",4,"jeudi",0,127
"2013-06-25",2013,"juin",2,"mardi",0,128
"2012-12-06",2012,"décembre",4,"jeudi",0,129
"2013-09-05",2013,"septembre",3,"jeudi",0,130
"2014-09-12",2014,"septembre",3,"vendredi",0,131
"2012-08-03",2012,"août",3,"vendredi",0,132
"2014-12-09",2014,"décembre",4,"mardi",0,133
"2012-10-25",2012,"octobre",4,"jeudi",0,134
"2012-07-13",2012,"juillet",3,"vendredi",0,135
"2011-05-13",2011,"mai",2,"vendredi",0,136
"2014-08-02",2014,"août",3,"samedi",1,137
"2011-09-20",2011,"septembre",3,"mardi",0,138
"2014-01-08",2014,"janvier",1,"mercredi",0,139
"2012-02-02",2012,"février",1,"jeudi",0,140
"2013-09-09",2013,"septembre",3,"lundi",0,141
"2014-04-09",2014,"avril",2,"mercredi",0,142
"2013-03-02",2013,"mars",1,"samedi",1,143
"2014-03-19",2014,"mars",1,"mercredi",0,144
"2013-10-02",2013,"octobre",4,"mercredi",0,145
"2013-01-12",2013,"janvier",1,"samedi",1,146
"2014-08-20",2014,"août",3,"mercredi",0,147
"2014-03-14",2014,"mars",1,"vendredi",0,148
"2013-03-26",2013,"mars",1,"mardi",0,149
"2014-07-09",2014,"juillet",3,"mercredi",0,150
"2013-06-11",2013,"juin",2,"mardi",0,151
"2011-08-10",2011,"août",3,"mercredi",0,152
"2014-03-17",2014,"mars",1,"lundi",0,153
"2013-01-02",2013,"janvier",1,"mercredi",0,154
"2013-11-26",2013,"novembre",4,"mardi",0,155
"2012-10-10",2012,"octobre",4,"mercredi",0,156
"2014-10-23",2014,"octobre",4,"jeudi",0,157
"2011-06-17",2011,"juin",2,"vendredi",0,158
"2014-04-03",2014,"avril",2,"jeudi",0,159
"2011-05-17",2011,"mai",2,"mardi",0,160
"2014-02-11",2014,"février",1,"mardi",0,161
"2013-10-12",2013,"octobre",4,"samedi",1,162
"2011-09-19",2011,"septembre",3,"lundi",0,163
"2014-07-17",2014,"juillet",3,"jeudi",0,164
"2014-11-22",2014,"novembre",4,"samedi",1,165
"2011-05-30",2011,"mai",2,"lundi",0,166
"2014-04-01",2014,"avril",2,"mardi",0,167
"2014-08-29",2014,"août",3,"vendredi",0,168
"2013-05-01",2013,"mai",2,"mercredi",0,169
"2011-08-16",2011,"août",3,"mardi",0,170
"2014-12-03",2014,"décembre",4,"mercredi",0,171
"2013-01-21",2013,"janvier",1,"lundi",0,172
"2013-10-22",2013,"octobre",4,"mardi",0,173
"2014-07-12",2014,"juillet",3,"samedi",1,174
"2014-09-01",2014,"septembre",3,"lundi",0,175
"2011-11-17",2011,"novembre",4,"jeudi",0,176
"2011-06-07",2011,"juin",2,"mardi",0,177
"2011-10-13",2011,"octobre",4,"jeudi",0,178
"2013-06-10",2013,"juin",2,"lundi",0,179
"2014-12-13",2014,"décembre",4,"samedi",1,180
"2014-10-13",2014,"octobre",4,"lundi",0,181
"2014-06-10",2014,"juin",2,"mardi",0,182
"2011-02-15",2011,"février",1,"mardi",0,183
"2013-11-28",2013,"novembre",4,"jeudi",0,184
"2014-06-18",2014,"juin",2,"mercredi",0,185
"2013-09-20",2013,"septembre",3,"vendredi",0,186
"2011-06-21",2011,"juin",2,"mardi",0,187
"2012-08-02",2012,"août",3,"jeudi",0,188
"2012-07-16",2012,"juillet",3,"lundi",0,189
"2013-08-02",2013,"août",3,"vendredi",0,190
"2014-05-22",2014,"mai",2,"jeudi",0,191
"2011-02-10",2011,"février",1,"jeudi",0,192
"2013-09-27",2013,"septembre",3,"vendredi",0,193
"2014-06-02",2014,"juin",2,"lundi",0,194
"2013-09-30",2013,"septembre",3,"lundi",0,195
"2011-07-19",2011,"juillet",3,"mardi",0,196
"2014-08-14",2014,"août",3,"jeudi",0,197
"2014-10-31",2014,"octobre",4,"vendredi",0,198
"2013-07-25",2013,"juillet",3,"jeudi",0,199
"2014-10-07",2014,"octobre",4,"mardi",0,200
"2014-10-17",2014,"octobre",4,"vendredi",0,201
"2013-12-03",2013,"décembre",4,"mardi",0,202
"2014-11-08",2014,"novembre",4,"samedi",1,203
"2011-09-21",2011,"septembre",3,"mercredi",0,204
"2014-05-09",2014,"mai",2,"vendredi",0,205
"2014-09-23",2014,"septembre",3,"mardi",0,206
"2014-11-26",2014,"novembre",4,"mercredi",0,207
"2012-03-30",2012,"mars",1,"vendredi",0,208
"2011-11-10",2011,"novembre",4,"jeudi",0,209
"2014-08-22",2014,"août",3,"vendredi",0,210
"2012-08-01",2012,"août",3,"mercredi",0,211
"2014-07-04",2014,"juillet",3,"vendredi",0,212
"2014-11-21",2014,"novembre",4,"vendredi",0,213
"2013-01-23",2013,"janvier",1,"mercredi",0,214
"2011-05-21",2011,"mai",2,"samedi",1,215
"2014-09-28",2014,"septembre",3,"dimanche",1,216
"2011-11-06",2011,"novembre",4,"dimanche",1,217
"2014-01-28",2014,"janvier",1,"mardi",0,218
"2014-09-13",2014,"septembre",3,"samedi",1,219
"2012-12-01",2012,"décembre",4,"samedi",1,220
"2011-12-22",2011,"décembre",4,"jeudi",0,221
"2013-05-28",2013,"mai",2,"mardi",0,222
"2011-04-27",2011,"avril",2,"mercredi",0,223
"2011-10-06",2011,"octobre",4,"jeudi",0,224
"2013-08-24",2013,"août",3,"samedi",1,225
"2013-09-21",2013,"septembre",3,"samedi",1,226
"2014-12-17",2014,"décembre",4,"mercredi",0,227
"2014-06-03",2014,"juin",2,"mardi",0,228
"2014-04-17",2014,"avril",2,"jeudi",0,229
"2012-11-21",2012,"novembre",4,"mercredi",0,230
"2014-03-06",2014,"mars",1,"jeudi",0,231
"2012-07-23",2012,"juillet",3,"lundi",0,232
"2011-06-11",2011,"juin",2,"samedi",1,233
"2012-09-14",2012,"septembre",3,"vendredi",0,234
"2011-11-25",2011,"novembre",4,"vendredi",0,235
"2012-08-10",2012,"août",3,"vendredi",0,236
"2013-03-20",2013,"mars",1,"mercredi",0,237
"2013-12-30",2013,"décembre",4,"lundi",0,238
"2012-10-04",2012,"octobre",4,"jeudi",0,239
"2012-08-06",2012,"août",3,"lundi",0,240
"2012-10-02",2012,"octobre",4,"mardi",0,241
"2014-03-26",2014,"mars",1,"mercredi",0,242
"2011-11-30",2011,"novembre",4,"mercredi",0,243
"2012-11-23",2012,"novembre",4,"vendredi",0,244
"2012-12-20",2012,"décembre",4,"jeudi",0,245
"2012-09-13",2012,"septembre",3,"jeudi",0,246
"2013-11-04",2013,"novembre",4,"lundi",0,247
"2013-11-16",2013,"novembre",4,"samedi",1,248
"2013-04-08",2013,"avril",2,"lundi",0,249
"2012-05-23",2012,"mai",2,"mercredi",0,250
"2014-11-18",2014,"novembre",4,"mardi",0,251
"2014-04-14",2014,"avril",2,"lundi",0,252
"2011-03-31",2011,"mars",1,"jeudi",0,253
"2012-02-04",2012,"février",1,"samedi",1,254
"2013-05-29",2013,"mai",2,"mercredi",0,255
"2012-08-29",2012,"août",3,"mercredi",0,256
"2011-06-15",2011,"juin",2,"mercredi",0,257
"2011-10-27",2011,"octobre",4,"jeudi",0,258
"2014-09-11",2014,"septembre",3,"jeudi",0,259
"2012-08-28",2012,"août",3,"mardi",0,260
"2014-08-16",2014,"août",3,"samedi",1,261
"2013-08-01",2013,"août",3,"jeudi",0,262
"2014-12-24",2014,"décembre",4,"mercredi",0,263
"2012-12-15",2012,"décembre",4,"samedi",1,264
"2012-02-23",2012,"février",1,"jeudi",0,265
"2014-10-11",2014,"octobre",4,"samedi",1,266
"2014-04-21",2014,"avril",2,"lundi",0,267
"2013-06-12",2013,"juin",2,"mercredi",0,268
"2013-09-17",2013,"septembre",3,"mardi",0,269
"2014-09-19",2014,"septembre",3,"vendredi",0,270
"2014-06-20",2014,"juin",2,"vendredi",0,271
"2012-08-24",2012,"août",3,"vendredi",0,272
"2014-11-13",2014,"novembre",4,"jeudi",0,273
"2013-06-13",2013,"juin",2,"jeudi",0,274
"2012-12-24",2012,"décembre",4,"lundi",0,275
"2014-09-22",2014,"septembre",3,"lundi",0,276
"2011-01-08",2011,"janvier",1,"samedi",1,277
"2013-10-03",2013,"octobre",4,"jeudi",0,278
"2013-07-30",2013,"juillet",3,"mardi",0,279
"2014-04-30",2014,"avril",2,"mercredi",0,280
"2011-09-28",2011,"septembre",3,"mercredi",0,281
"2014-06-24",2014,"juin",2,"mardi",0,282
"2011-04-06",2011,"avril",2,"mercredi",0,283
"2014-08-07",2014,"août",3,"jeudi",0,284
"2013-11-19",2013,"novembre",4,"mardi",0,285
"2014-02-14",2014,"février",1,"vendredi",0,286
"2014-11-29",2014,"novembre",4,"samedi",1,287
"2012-08-17",2012,"août",3,"vendredi",0,288
"2012-08-31",2012,"août",3,"vendredi",0,289
"2012-08-07",2012,"août",3,"mardi",0,290
"2014-01-27",2014,"janvier",1,"lundi",0,291
"2011-09-08",2011,"septembre",3,"jeudi",0,292
"2012-08-09",2012,"août",3,"jeudi",0,293
"2013-02-21",2013,"février",1,"jeudi",0,294
"2012-07-18",2012,"juillet",3,"mercredi",0,295
"2011-11-19",2011,"novembre",4,"samedi",1,296
"2012-06-18",2012,"juin",2,"lundi",0,297
"2013-12-31",2013,"décembre",4,"mardi",0,298
"2014-06-30",2014,"juin",2,"lundi",0,299
"2012-01-16",2012,"janvier",1,"lundi",0,300
"2012-06-12",2012,"juin",2,"mardi",0,301
"2014-12-25",2014,"décembre",4,"jeudi",0,302
"2014-12-22",2014,"décembre",4,"lundi",0,303
"2013-09-14",2013,"septembre",3,"samedi",1,304
"2013-01-07",2013,"janvier",1,"lundi",0,305
"2014-06-27",2014,"juin",2,"vendredi",0,306
"2014-05-29",2014,"mai",2,"jeudi",0,307
"2014-04-16",2014,"avril",2,"mercredi",0,308
"2014-11-27",2014,"novembre",4,"jeudi",0,309
"2014-02-24",2014,"février",1,"lundi",0,310
"2013-12-23",2013,"décembre",4,"lundi",0,311
"2014-06-17",2014,"juin",2,"mardi",0,312
"2014-03-15",2014,"mars",1,"samedi",1,313
"2014-06-09",2014,"juin",2,"lundi",0,314
"2014-10-15",2014,"octobre",4,"mercredi",0,315
"2014-08-06",2014,"août",3,"mercredi",0,316
"2012-12-07",2012,"décembre",4,"vendredi",0,317
"2012-12-25",2012,"décembre",4,"mardi",0,318
"2013-06-17",2013,"juin",2,"lundi",0,319
"2012-05-28",2012,"mai",2,"lundi",0,320
"2013-08-17",2013,"août",3,"samedi",1,321
"2011-06-03",2011,"juin",2,"vendredi",0,322
"2011-07-14",2011,"juillet",3,"jeudi",0,323
"2011-09-29",2011,"septembre",3,"jeudi",0,324
"2011-10-17",2011,"octobre",4,"lundi",0,325
"2011-11-14",2011,"novembre",4,"lundi",0,326
"2014-07-14",2014,"juillet",3,"lundi",0,327
"2014-12-15",2014,"décembre",4,"lundi",0,328
"2014-06-28",2014,"juin",2,"samedi",1,329
"2014-12-20",2014,"décembre",4,"samedi",1,330
"2012-02-06",2012,"février",1,"lundi",0,331
"2011-01-21",2011,"janvier",1,"vendredi",0,332
"2014-10-27",2014,"octobre",4,"lundi",0,333
"2012-02-27",2012,"février",1,"lundi",0,334
"2012-06-11",2012,"juin",2,"lundi",0,335
"2011-02-23",2011,"février",1,"mercredi",0,336
"2014-09-15",2014,"septembre",3,"lundi",0,337
"2013-07-20",2013,"juillet",3,"samedi",1,338
"2013-10-30",2013,"octobre",4,"mercredi",0,339
"2013-05-04",2013,"mai",2,"samedi",1,340
"2014-05-08",2014,"mai",2,"jeudi",0,341
"2012-04-22",2012,"avril",2,"dimanche",1,342
"2011-04-16",2011,"avril",2,"samedi",1,343
"2012-10-12",2012,"octobre",4,"vendredi",0,344
"2014-05-26",2014,"mai",2,"lundi",0,345
"2013-04-12",2013,"avril",2,"vendredi",0,346
"2013-11-11",2013,"novembre",4,"lundi",0,347
"2012-10-13",2012,"octobre",4,"samedi",1,348
"2014-01-30",2014,"janvier",1,"jeudi",0,349
"2013-12-06",2013,"décembre",4,"vendredi",0,350
"2013-09-19",2013,"septembre",3,"jeudi",0,351
"2012-12-31",2012,"décembre",4,"lundi",0,352
"2014-12-29",2014,"décembre",4,"lundi",0,353
"2013-11-15",2013,"novembre",4,"vendredi",0,354
"2011-09-12",2011,"septembre",3,"lundi",0,355
"2014-05-15",2014,"mai",2,"jeudi",0,356
"2011-12-08",2011,"décembre",4,"jeudi",0,357
"2014-02-10",2014,"février",1,"lundi",0,358
"2014-02-08",2014,"février",1,"samedi",1,359
"2013-08-05",2013,"août",3,"lundi",0,360
"2014-04-15",2014,"avril",2,"mardi",0,361
"2011-03-21",2011,"mars",1,"lundi",0,362
"2014-05-05",2014,"mai",2,"lundi",0,363
"2013-06-20",2013,"juin",2,"jeudi",0,364
"2014-08-23",2014,"août",3,"samedi",1,365
"2014-05-19",2014,"mai",2,"lundi",0,366
"2013-04-29",2013,"avril",2,"lundi",0,367
"2014-10-12",2014,"octobre",4,"dimanche",1,368
"2014-11-28",2014,"novembre",4,"vendredi",0,369
"2012-05-11",2012,"mai",2,"vendredi",0,370
"2013-06-18",2013,"juin",2,"mardi",0,371
"2012-05-04",2012,"mai",2,"vendredi",0,372
"2011-11-11",2011,"novembre",4,"vendredi",0,373
"2011-12-07",2011,"décembre",4,"mercredi",0,374
"2013-09-10",2013,"septembre",3,"mardi",0,375
"2011-03-03",2011,"mars",1,"jeudi",0,376
"2012-01-02",2012,"janvier",1,"lundi",0,377
"2012-10-30",2012,"octobre",4,"mardi",0,378
"2013-08-15",2013,"août",3,"jeudi",0,379
"2013-06-08",2013,"juin",2,"samedi",1,380
"2014-10-02",2014,"octobre",4,"jeudi",0,381
"2014-02-27",2014,"février",1,"jeudi",0,382
"2013-10-31",2013,"octobre",4,"jeudi",0,383
"2012-05-17",2012,"mai",2,"jeudi",0,384
"2011-08-03",2011,"août",3,"mercredi",0,385
"2013-07-29",2013,"juillet",3,"lundi",0,386
"2013-02-14",2013,"février",1,"jeudi",0,387
"2014-08-04",2014,"août",3,"lundi",0,388
"2013-11-13",2013,"novembre",4,"mercredi",0,389
"2014-02-12",2014,"février",1,"mercredi",0,390
"2013-03-30",2013,"mars",1,"samedi",1,391
"2014-11-02",2014,"novembre",4,"dimanche",1,392
"2013-08-19",2013,"août",3,"lundi",0,393
"2012-08-22",2012,"août",3,"mercredi",0,394
"2014-07-05",2014,"juillet",3,"samedi",1,395
"2012-03-14",2012,"mars",1,"mercredi",0,396
"2014-09-16",2014,"septembre",3,"mardi",0,397
"2011-10-31",2011,"octobre",4,"lundi",0,398
"2012-10-17",2012,"octobre",4,"mercredi",0,399
"2014-02-17",2014,"février",1,"lundi",0,400
"2012-02-24",2012,"février",1,"vendredi",0,401
"2012-12-03",2012,"décembre",4,"lundi",0,402
"2012-12-12",2012,"décembre",4,"mercredi",0,403
"2014-06-16",2014,"juin",2,"lundi",0,404
"2014-05-13",2014,"mai",2,"mardi",0,405
"2012-05-10",2012,"mai",2,"jeudi",0,406
"2013-09-13",2013,"septembre",3,"vendredi",0,407
"2013-05-08",2013,"mai",2,"mercredi",0,408
"2014-10-25",2014,"octobre",4,"samedi",1,409
"2013-10-14",2013,"octobre",4,"lundi",0,410
"2011-02-14",2011,"février",1,"lundi",0,411
"2011-03-11",2011,"mars",1,"vendredi",0,412
"2012-06-20",2012,"juin",2,"mercredi",0,413
"2013-02-08",2013,"février",1,"vendredi",0,414
"2012-06-23",2012,"juin",2,"samedi",1,415
"2013-12-20",2013,"décembre",4,"vendredi",0,416
"2011-08-29",2011,"août",3,"lundi",0,417
"2014-07-18",2014,"juillet",3,"vendredi",0,418
"2014-11-17",2014,"novembre",4,"lundi",0,419
"2011-09-02",2011,"septembre",3,"vendredi",0,420
"2012-08-27",2012,"août",3,"lundi",0,421
"2013-12-24",2013,"décembre",4,"mardi",0,422
"2012-11-30",2012,"novembre",4,"vendredi",0,423
"2013-05-21",2013,"mai",2,"mardi",0,424
"2011-11-04",2011,"novembre",4,"vendredi",0,425
"2011-05-08",2011,"mai",2,"dimanche",1,426
"2013-07-02",2013,"juillet",3,"mardi",0,427
"2012-12-21",2012,"décembre",4,"vendredi",0,428
"2013-10-18",2013,"octobre",4,"vendredi",0,429
"2012-07-07",2012,"juillet",3,"samedi",1,430
"2011-06-18",2011,"juin",2,"samedi",1,431
"2012-01-10",2012,"janvier",1,"mardi",0,432
"2013-08-13",2013,"août",3,"mardi",0,433
"2012-04-12",2012,"avril",2,"jeudi",0,434
"2014-01-03",2014,"janvier",1,"vendredi",0,435
"2013-02-12",2013,"février",1,"mardi",0,436
"2014-07-01",2014,"juillet",3,"mardi",0,437
"2014-10-04",2014,"octobre",4,"samedi",1,438
"2014-07-11",2014,"juillet",3,"vendredi",0,439
"2014-04-24",2014,"avril",2,"jeudi",0,440
"2011-05-04",2011,"mai",2,"mercredi",0,441
"2014-11-12",2014,"novembre",4,"mercredi",0,442
"2014-11-14",2014,"novembre",4,"vendredi",0,443
"2013-04-05",2013,"avril",2,"vendredi",0,444
"2014-07-10",2014,"juillet",3,"jeudi",0,445
"2014-10-06",2014,"octobre",4,"lundi",0,446
"2013-06-01",2013,"juin",2,"samedi",1,447
"2012-08-20",2012,"août",3,"lundi",0,448
"2011-08-30",2011,"août",3,"mardi",0,449
"2012-12-04",2012,"décembre",4,"mardi",0,450
"2013-12-19",2013,"décembre",4,"jeudi",0,451
"2013-08-20",2013,"août",3,"mardi",0,452
"2012-06-21",2012,"juin",2,"jeudi",0,453
"2013-04-30",2013,"avril",2,"mardi",0,454
"2012-06-15",2012,"juin",2,"vendredi",0,455
"2014-07-21",2014,"juillet",3,"lundi",0,456
"2013-02-26",2013,"février",1,"mardi",0,457
"2011-11-26",2011,"novembre",4,"samedi",1,458
"2012-05-24",2012,"mai",2,"jeudi",0,459
"2011-09-22",2011,"septembre",3,"jeudi",0,460
"2013-06-05",2013,"juin",2,"mercredi",0,461
"2013-05-14",2013,"mai",2,"mardi",0,462
"2014-01-16",2014,"janvier",1,"jeudi",0,463
"2013-10-21",2013,"octobre",4,"lundi",0,464
"2013-07-15",2013,"juillet",3,"lundi",0,465
"2011-01-07",2011,"janvier",1,"vendredi",0,466
"2014-12-02",2014,"décembre",4,"mardi",0,467
"2014-12-01",2014,"décembre",4,"lundi",0,468
"2011-03-12",2011,"mars",1,"samedi",1,469
"2013-01-15",2013,"janvier",1,"mardi",0,470
"2013-07-11",2013,"juillet",3,"jeudi",0,471
"2014-08-12",2014,"août",3,"mardi",0,472
"2013-01-05",2013,"janvier",1,"samedi",1,473
"2013-12-16",2013,"décembre",4,"lundi",0,474
"2012-07-04",2012,"juillet",3,"mercredi",0,475
"2013-07-01",2013,"juillet",3,"lundi",0,476
"2012-07-03",2012,"juillet",3,"mardi",0,477
"2011-04-08",2011,"avril",2,"vendredi",0,478
"2013-05-09",2013,"mai",2,"jeudi",0,479
"2013-10-05",2013,"octobre",4,"samedi",1,480
"2012-11-19",2012,"novembre",4,"lundi",0,481
"2014-12-31",2014,"décembre",4,"mercredi",0,482
"2013-03-04",2013,"mars",1,"lundi",0,483
"2013-03-19",2013,"mars",1,"mardi",0,484
"2012-03-21",2012,"mars",1,"mercredi",0,485
"2014-05-24",2014,"mai",2,"samedi",1,486
"2013-06-14",2013,"juin",2,"vendredi",0,487
"2013-12-09",2013,"décembre",4,"lundi",0,488
"2013-10-09",2013,"octobre",4,"mercredi",0,489
"2013-10-16",2013,"octobre",4,"mercredi",0,490
"2011-12-24",2011,"décembre",4,"samedi",1,491
"2013-04-16",2013,"avril",2,"mardi",0,492
"2012-12-19",2012,"décembre",4,"mercredi",0,493
"2011-10-19",2011,"octobre",4,"mercredi",0,494
"2011-03-10",2011,"mars",1,"jeudi",0,495
"2014-01-25",2014,"janvier",1,"samedi",1,496
"2013-01-08",2013,"janvier",1,"mardi",0,497
"2013-01-04",2013,"janvier",1,"vendredi",0,498
"2014-05-02",2014,"mai",2,"vendredi",0,499
"2011-06-22",2011,"juin",2,"mercredi",0,500
"2013-09-24",2013,"septembre",3,"mardi",0,501
"2012-08-30",2012,"août",3,"jeudi",0,502
"2014-07-22",2014,"juillet",3,"mardi",0,503
"2012-12-18",2012,"décembre",4,"mardi",0,504
"2013-09-25",2013,"septembre",3,"mercredi",0,505
"2014-03-24",2014,"mars",1,"lundi",0,506
"2011-12-03",2011,"décembre",4,"samedi",1,507
"2014-05-28",2014,"mai",2,"mercredi",0,508
"2014-06-14",2014,"juin",2,"samedi",1,509
"2011-11-12",2011,"novembre",4,"samedi",1,510
"2014-02-18",2014,"février",1,"mardi",0,511
"2011-08-17",2011,"août",3,"mercredi",0,512
"2012-03-06",2012,"mars",1,"mardi",0,513
"2012-11-02",2012,"novembre",4,"vendredi",0,514
"2012-09-24",2012,"septembre",3,"lundi",0,515
"2013-02-18",2013,"février",1,"lundi",0,516
"2014-11-04",2014,"novembre",4,"mardi",0,517
"2012-09-17",2012,"septembre",3,"lundi",0,518
"2014-11-24",2014,"novembre",4,"lundi",0,519
"2011-09-30",2011,"septembre",3,"vendredi",0,520
"2011-02-25",2011,"février",1,"vendredi",0,521
"2013-07-08",2013,"juillet",3,"lundi",0,522
"2012-03-26",2012,"mars",1,"lundi",0,523
"2014-01-29",2014,"janvier",1,"mercredi",0,524
"2014-04-11",2014,"avril",2,"vendredi",0,525
"2011-12-13",2011,"décembre",4,"mardi",0,526
"2014-10-03",2014,"octobre",4,"vendredi",0,527
"2011-12-26",2011,"décembre",4,"lundi",0,528
"2014-09-24",2014,"septembre",3,"mercredi",0,529
"2011-08-27",2011,"août",3,"samedi",1,530
"2014-09-06",2014,"septembre",3,"samedi",1,531
"2014-09-30",2014,"septembre",3,"mardi",0,532
"2012-09-26",2012,"septembre",3,"mercredi",0,533
"2014-12-30",2014,"décembre",4,"mardi",0,534
"2014-01-20",2014,"janvier",1,"lundi",0,535
"2011-02-28",2011,"février",1,"lundi",0,536
"2014-03-31",2014,"mars",1,"lundi",0,537
"2013-06-03",2013,"juin",2,"lundi",0,538
"2013-03-05",2013,"mars",1,"mardi",0,539
"2011-05-23",2011,"mai",2,"lundi",0,540
"2011-11-01",2011,"novembre",4,"mardi",0,541
"2014-06-21",2014,"juin",2,"samedi",1,542
"2013-06-27",2013,"juin",2,"jeudi",0,543
"2011-12-31",2011,"décembre",4,"samedi",1,544
"2011-01-24",2011,"janvier",1,"lundi",0,545
"2014-12-04",2014,"décembre",4,"jeudi",0,546
"2014-12-08",2014,"décembre",4,"lundi",0,547
"2012-12-11",2012,"décembre",4,"mardi",0,548
"2014-03-05",2014,"mars",1,"mercredi",0,549
"2011-09-27",2011,"septembre",3,"mardi",0,550
"2013-12-22",2013,"décembre",4,"dimanche",1,551
"2014-11-10",2014,"novembre",4,"lundi",0,552
"2012-11-10",2012,"novembre",4,"samedi",1,553
"2011-06-08",2011,"juin",2,"mercredi",0,554
"2014-04-07",2014,"avril",2,"lundi",0,555
"2011-10-18",2011,"octobre",4,"mardi",0,556
"2012-04-25",2012,"avril",2,"mercredi",0,557
"2012-04-18",2012,"avril",2,"mercredi",0,558
"2013-06-04",2013,"juin",2,"mardi",0,559
"2012-06-25",2012,"juin",2,"lundi",0,560
"2013-06-24",2013,"juin",2,"lundi",0,561
"2013-11-12",2013,"novembre",4,"mardi",0,562
"2014-02-13",2014,"février",1,"jeudi",0,563
"2011-08-19",2011,"août",3,"vendredi",0,564
"2014-03-13",2014,"mars",1,"jeudi",0,565
"2013-04-04",2013,"avril",2,"jeudi",0,566
"2014-05-17",2014,"mai",2,"samedi",1,567
"2013-04-23",2013,"avril",2,"mardi",0,568
"2012-10-05",2012,"octobre",4,"vendredi",0,569
"2014-10-29",2014,"octobre",4,"mercredi",0,570
"2011-11-23",2011,"novembre",4,"mercredi",0,571
"2014-12-10",2014,"décembre",4,"mercredi",0,572
"2011-12-09",2011,"décembre",4,"vendredi",0,573
"2013-12-17",2013,"décembre",4,"mardi",0,574
"2014-10-22",2014,"octobre",4,"mercredi",0,575
"2013-10-11",2013,"octobre",4,"vendredi",0,576
"2014-06-23",2014,"juin",2,"lundi",0,577
"2014-06-26",2014,"juin",2,"jeudi",0,578
"2014-07-23",2014,"juillet",3,"mercredi",0,579
"2014-09-04",2014,"septembre",3,"jeudi",0,580
"2012-12-10",2012,"décembre",4,"lundi",0,581
"2012-01-26",2012,"janvier",1,"jeudi",0,582
"2011-11-28",2011,"novembre",4,"lundi",0,583
"2012-03-20",2012,"mars",1,"mardi",0,584
"2012-12-17",2012,"décembre",4,"lundi",0,585
"2014-09-02",2014,"septembre",3,"mardi",0,586
"2013-04-09",2013,"avril",2,"mardi",0,587
"2014-06-12",2014,"juin",2,"jeudi",0,588
"2012-11-06",2012,"novembre",4,"mardi",0,589
"2011-09-15",2011,"septembre",3,"jeudi",0,590
"2012-04-04",2012,"avril",2,"mercredi",0,591
"2011-06-26",2011,"juin",2,"dimanche",1,592
"2011-03-18",2011,"mars",1,"vendredi",0,593
"2012-10-31",2012,"octobre",4,"mercredi",0,594
"2013-10-04",2013,"octobre",4,"vendredi",0,595
"2013-12-04",2013,"décembre",4,"mercredi",0,596
"2011-11-16",2011,"novembre",4,"mercredi",0,597
"2014-10-09",2014,"octobre",4,"jeudi",0,598
"2014-01-04",2014,"janvier",1,"samedi",1,599
"2012-11-14",2012,"novembre",4,"mercredi",0,600
"2011-10-04",2011,"octobre",4,"mardi",0,601
"2012-03-13",2012,"mars",1,"mardi",0,602
"2013-04-07",2013,"avril",2,"dimanche",1,603
"2011-12-29",2011,"décembre",4,"jeudi",0,604
"2013-03-18",2013,"mars",1,"lundi",0,605
"2012-08-15",2012,"août",3,"mercredi",0,606
"2012-01-13",2012,"janvier",1,"vendredi",0,607
"2011-08-08",2011,"août",3,"lundi",0,608
"2011-02-12",2011,"février",1,"samedi",1,609
"2011-11-15",2011,"novembre",4,"mardi",0,610
"2012-11-05",2012,"novembre",4,"lundi",0,611
"2012-01-07",2012,"janvier",1,"samedi",1,612
"2012-06-05",2012,"juin",2,"mardi",0,613
"2013-05-03",2013,"mai",2,"vendredi",0,614
"2011-12-15",2011,"décembre",4,"jeudi",0,615
"2013-10-15",2013,"octobre",4,"mardi",0,616
"2013-04-03",2013,"avril",2,"mercredi",0,617
"2014-09-17",2014,"septembre",3,"mercredi",0,618
"2014-09-29",2014,"septembre",3,"lundi",0,619
"2011-06-29",2011,"juin",2,"mercredi",0,620
"2013-08-12",2013,"août",3,"lundi",0,621
"2012-09-10",2012,"septembre",3,"lundi",0,622
"2013-10-24",2013,"octobre",4,"jeudi",0,623
"2011-12-10",2011,"décembre",4,"samedi",1,624
"2013-11-29",2013,"novembre",4,"vendredi",0,625
"2013-02-09",2013,"février",1,"samedi",1,626
"2014-09-03",2014,"septembre",3,"mercredi",0,627
"2011-05-12",2011,"mai",2,"jeudi",0,628
"2013-10-29",2013,"octobre",4,"mardi",0,629
"2011-10-26",2011,"octobre",4,"mercredi",0,630
"2013-05-22",2013,"mai",2,"mercredi",0,631
"2011-08-12",2011,"août",3,"vendredi",0,632
"2011-05-03",2011,"mai",2,"mardi",0,633
"2013-08-26",2013,"août",3,"lundi",0,634
"2012-10-01",2012,"octobre",4,"lundi",0,635
"2011-04-25",2011,"avril",2,"lundi",0,636
"2014-03-28",2014,"mars",1,"vendredi",0,637
"2013-11-18",2013,"novembre",4,"lundi",0,638
"2012-03-07",2012,"mars",1,"mercredi",0,639
"2013-05-30",2013,"mai",2,"jeudi",0,640
"2014-08-19",2014,"août",3,"mardi",0,641
"2011-08-21",2011,"août",3,"dimanche",1,642
"2013-08-10",2013,"août",3,"samedi",1,643
"2013-01-19",2013,"janvier",1,"samedi",1,644
"2011-06-01",2011,"juin",2,"mercredi",0,645
"2013-11-14",2013,"novembre",4,"jeudi",0,646
"2014-10-16",2014,"octobre",4,"jeudi",0,647
"2013-01-22",2013,"janvier",1,"mardi",0,648
"2013-10-26",2013,"octobre",4,"samedi",1,649
"2013-10-10",2013,"octobre",4,"jeudi",0,650
"2013-10-25",2013,"octobre",4,"vendredi",0,651
"2013-08-21",2013,"août",3,"mercredi",0,652
"2014-10-24",2014,"octobre",4,"vendredi",0,653
"2012-09-07",2012,"septembre",3,"vendredi",0,654
"2011-06-10",2011,"juin",2,"vendredi",0,655
"2013-11-22",2013,"novembre",4,"vendredi",0,656
"2011-09-09",2011,"septembre",3,"vendredi",0,657
"2013-10-07",2013,"octobre",4,"lundi",0,658
"2013-12-10",2013,"décembre",4,"mardi",0,659
"2011-11-18",2011,"novembre",4,"vendredi",0,660
"2012-11-29",2012,"novembre",4,"jeudi",0,661
"2011-05-19",2011,"mai",2,"jeudi",0,662
"2014-08-15",2014,"août",3,"vendredi",0,663
"2014-01-23",2014,"janvier",1,"jeudi",0,664
"2011-02-24",2011,"février",1,"jeudi",0,665
"2011-06-25",2011,"juin",2,"samedi",1,666
"2012-11-01",2012,"novembre",4,"jeudi",0,667
"2013-07-10",2013,"juillet",3,"mercredi",0,668
"2012-09-04",2012,"septembre",3,"mardi",0,669
"2012-09-28",2012,"septembre",3,"vendredi",0,670
"2011-06-06",2011,"juin",2,"lundi",0,671
"2013-07-04",2013,"juillet",3,"jeudi",0,672
"2014-05-31",2014,"mai",2,"samedi",1,673
"2013-01-09",2013,"janvier",1,"mercredi",0,674
"2011-09-01",2011,"septembre",3,"jeudi",0,675
"2011-04-30",2011,"avril",2,"samedi",1,676
"2012-12-27",2012,"décembre",4,"jeudi",0,677
"2012-09-01",2012,"septembre",3,"samedi",1,678
"2013-09-11",2013,"septembre",3,"mercredi",0,679
"2012-09-15",2012,"septembre",3,"samedi",1,680
"2012-12-30",2012,"décembre",4,"dimanche",1,681
"2014-10-08",2014,"octobre",4,"mercredi",0,682
"2013-08-06",2013,"août",3,"mardi",0,683
"2011-07-22",2011,"juillet",3,"vendredi",0,684
"2013-02-01",2013,"février",1,"vendredi",0,685
"2013-01-25",2013,"janvier",1,"vendredi",0,686
"2014-02-20",2014,"février",1,"jeudi",0,687
"2012-04-02",2012,"avril",2,"lundi",0,688
"2013-05-25",2013,"mai",2,"samedi",1,689
"2012-11-16",2012,"novembre",4,"vendredi",0,690
"2011-01-05",2011,"janvier",1,"mercredi",0,691
"2012-04-13",2012,"avril",2,"vendredi",0,692
"2012-06-10",2012,"juin",2,"dimanche",1,693
"2011-11-29",2011,"novembre",4,"mardi",0,694
"2014-10-10",2014,"octobre",4,"vendredi",0,695
"2014-06-25",2014,"juin",2,"mercredi",0,696
"2012-07-25",2012,"juillet",3,"mercredi",0,697
"2013-08-16",2013,"août",3,"vendredi",0,698
"2012-04-16",2012,"avril",2,"lundi",0,699
"2013-07-03",2013,"juillet",3,"mercredi",0,700
"2013-05-17",2013,"mai",2,"vendredi",0,701
"2014-03-21",2014,"mars",1,"vendredi",0,702
"2014-08-01",2014,"août",3,"vendredi",0,703
"2012-01-17",2012,"janvier",1,"mardi",0,704
"2012-09-06",2012,"septembre",3,"jeudi",0,705
"2014-12-11",2014,"décembre",4,"jeudi",0,706
"2012-04-28",2012,"avril",2,"samedi",1,707
"2011-01-14",2011,"janvier",1,"vendredi",0,708
"2014-07-08",2014,"juillet",3,"mardi",0,709
"2014-05-27",2014,"mai",2,"mardi",0,710
"2014-07-29",2014,"juillet",3,"mardi",0,711
"2012-10-23",2012,"octobre",4,"mardi",0,712
"2014-03-27",2014,"mars",1,"jeudi",0,713
"2014-09-25",2014,"septembre",3,"jeudi",0,714
"2012-05-15",2012,"mai",2,"mardi",0,715
"2014-04-28",2014,"avril",2,"lundi",0,716
"2013-05-11",2013,"mai",2,"samedi",1,717
"2011-12-19",2011,"décembre",4,"lundi",0,718
"2014-05-07",2014,"mai",2,"mercredi",0,719
"2014-05-23",2014,"mai",2,"vendredi",0,720
"2011-08-01",2011,"août",3,"lundi",0,721
"2012-06-29",2012,"juin",2,"vendredi",0,722
"2013-09-12",2013,"septembre",3,"jeudi",0,723
"2014-11-25",2014,"novembre",4,"mardi",0,724
"2011-06-30",2011,"juin",2,"jeudi",0,725
"2014-12-26",2014,"décembre",4,"vendredi",0,726
"2013-05-27",2013,"mai",2,"lundi",0,727
"2011-07-27",2011,"juillet",3,"mercredi",0,728
"2012-03-28",2012,"mars",1,"mercredi",0,729
"2014-06-08",2014,"juin",2,"dimanche",1,730
"2012-02-14",2012,"février",1,"mardi",0,731
"2014-03-25",2014,"mars",1,"mardi",0,732
"2012-06-30",2012,"juin",2,"samedi",1,733
"2012-10-09",2012,"octobre",4,"mardi",0,734
"2011-05-27",2011,"mai",2,"vendredi",0,735
"2013-08-23",2013,"août",3,"vendredi",0,736
"2014-02-04",2014,"février",1,"mardi",0,737
"2011-09-26",2011,"septembre",3,"lundi",0,738
"2014-09-09",2014,"septembre",3,"mardi",0,739
"2011-08-04",2011,"août",3,"jeudi",0,740
"2011-06-24",2011,"juin",2,"vendredi",0,741
"2011-01-11",2011,"janvier",1,"mardi",0,742
"2011-12-16",2011,"décembre",4,"vendredi",0,743
"2013-05-15",2013,"mai",2,"mercredi",0,744
"2013-07-22",2013,"juillet",3,"lundi",0,745
"2013-01-01",2013,"janvier",1,"mardi",0,746
"2014-07-30",2014,"juillet",3,"mercredi",0,747
"2013-11-01",2013,"novembre",4,"vendredi",0,748
"2011-08-18",2011,"août",3,"jeudi",0,749
"2011-10-07",2011,"octobre",4,"vendredi",0,750
"2012-11-20",2012,"novembre",4,"mardi",0,751
"2012-04-20",2012,"avril",2,"vendredi",0,752
"2012-09-21",2012,"septembre",3,"vendredi",0,753
"2012-01-25",2012,"janvier",1,"mercredi",0,754
"2013-09-06",2013,"septembre",3,"vendredi",0,755
"2014-09-21",2014,"septembre",3,"dimanche",1,756
"2011-06-04",2011,"juin",2,"samedi",1,757
"2013-01-20",2013,"janvier",1,"dimanche",1,758
"2011-05-14",2011,"mai",2,"samedi",1,759
"2011-12-23",2011,"décembre",4,"vendredi",0,760
"2011-06-20",2011,"juin",2,"lundi",0,761
"2011-06-02",2011,"juin",2,"jeudi",0,762
"2011-09-07",2011,"septembre",3,"mercredi",0,763
"2012-09-03",2012,"septembre",3,"lundi",0,764
"2013-03-06",2013,"mars",1,"mercredi",0,765
"2013-08-07",2013,"août",3,"mercredi",0,766
"2014-09-27",2014,"septembre",3,"samedi",1,767
"2014-11-06",2014,"novembre",4,"jeudi",0,768
"2011-04-28",2011,"avril",2,"jeudi",0,769
"2011-07-20",2011,"juillet",3,"mercredi",0,770
"2012-09-22",2012,"septembre",3,"samedi",1,771
"2011-05-31",2011,"mai",2,"mardi",0,772
"2013-02-20",2013,"février",1,"mercredi",0,773
"2011-08-05",2011,"août",3,"vendredi",0,774
"2013-11-21",2013,"novembre",4,"jeudi",0,775
"2014-05-06",2014,"mai",2,"mardi",0,776
"2013-10-23",2013,"octobre",4,"mercredi",0,777
"2012-02-21",2012,"février",1,"mardi",0,778
"2011-07-26",2011,"juillet",3,"mardi",0,779
"2013-04-25",2013,"avril",2,"jeudi",0,780
"2013-06-15",2013,"juin",2,"samedi",1,781
"2014-04-22",2014,"avril",2,"mardi",0,782
"2013-06-19",2013,"juin",2,"mercredi",0,783
"2014-07-26",2014,"juillet",3,"samedi",1,784
"2014-03-03",2014,"mars",1,"lundi",0,785
"2014-06-11",2014,"juin",2,"mercredi",0,786
"2012-01-08",2012,"janvier",1,"dimanche",1,787
"2012-12-05",2012,"décembre",4,"mercredi",0,788
"2014-01-24",2014,"janvier",1,"vendredi",0,789
"2011-07-28",2011,"juillet",3,"jeudi",0,790
"2014-03-04",2014,"mars",1,"mardi",0,791
"2011-10-15",2011,"octobre",4,"samedi",1,792
"2011-07-30",2011,"juillet",3,"samedi",1,793
"2013-03-12",2013,"mars",1,"mardi",0,794
"2012-03-15",2012,"mars",1,"jeudi",0,795
"2012-05-16",2012,"mai",2,"mercredi",0,796
"2013-12-14",2013,"décembre",4,"samedi",1,797
"2013-03-23",2013,"mars",1,"samedi",1,798
"2013-09-04",2013,"septembre",3,"mercredi",0,799
"2013-04-15",2013,"avril",2,"lundi",0,800
"2013-06-21",2013,"juin",2,"vendredi",0,801
"2014-02-25",2014,"février",1,"mardi",0,802
"2013-05-10",2013,"mai",2,"vendredi",0,803
"2014-07-02",2014,"juillet",3,"mercredi",0,804
"2014-02-21",2014,"février",1,"vendredi",0,805
"2012-11-03",2012,"novembre",4,"samedi",1,806
"2013-08-14",2013,"août",3,"mercredi",0,807
"2014-04-02",2014,"avril",2,"mercredi",0,808
"2013-03-25",2013,"mars",1,"lundi",0,809
"2012-11-24",2012,"novembre",4,"samedi",1,810
"2011-09-24",2011,"septembre",3,"samedi",1,811
"2013-06-30",2013,"juin",2,"dimanche",1,812
"2012-08-25",2012,"août",3,"samedi",1,813
"2013-01-10",2013,"janvier",1,"jeudi",0,814
"2012-03-29",2012,"mars",1,"jeudi",0,815
"2014-02-07",2014,"février",1,"vendredi",0,816
"2011-09-25",2011,"septembre",3,"dimanche",1,817
"2011-07-07",2011,"juillet",3,"jeudi",0,818
"2013-07-23",2013,"juillet",3,"mardi",0,819
"2013-01-18",2013,"janvier",1,"vendredi",0,820
"2014-12-27",2014,"décembre",4,"samedi",1,821
"2011-03-01",2011,"mars",1,"mardi",0,822
"2011-07-16",2011,"juillet",3,"samedi",1,823
"2014-07-24",2014,"juillet",3,"jeudi",0,824
"2012-06-26",2012,"juin",2,"mardi",0,825
"2012-11-15",2012,"novembre",4,"jeudi",0,826
"2013-02-06",2013,"février",1,"mercredi",0,827
"2012-03-22",2012,"mars",1,"jeudi",0,828
"2014-05-20",2014,"mai",2,"mardi",0,829
"2011-04-18",2011,"avril",2,"lundi",0,830
"2012-07-09",2012,"juillet",3,"lundi",0,831
"2011-09-16",2011,"septembre",3,"vendredi",0,832
"2014-08-13",2014,"août",3,"mercredi",0,833
"2012-01-12",2012,"janvier",1,"jeudi",0,834
"2012-06-04",2012,"juin",2,"lundi",0,835
"2011-07-01",2011,"juillet",3,"vendredi",0,836
"2013-11-30",2013,"novembre",4,"samedi",1,837
"2014-11-01",2014,"novembre",4,"samedi",1,838
"2012-06-08",2012,"juin",2,"vendredi",0,839
"2013-11-09",2013,"novembre",4,"samedi",1,840
"2012-12-08",2012,"décembre",4,"samedi",1,841
"2011-02-18",2011,"février",1,"vendredi",0,842
"2014-08-08",2014,"août",3,"vendredi",0,843
"2013-04-01",2013,"avril",2,"lundi",0,844
"2013-01-31",2013,"janvier",1,"jeudi",0,845
"2013-10-27",2013,"octobre",4,"dimanche",1,846
"2011-09-06",2011,"septembre",3,"mardi",0,847
"2013-10-08",2013,"octobre",4,"mardi",0,848
"2013-12-21",2013,"décembre",4,"samedi",1,849
"2011-01-17",2011,"janvier",1,"lundi",0,850
"2011-08-26",2011,"août",3,"vendredi",0,851
"2012-02-08",2012,"février",1,"mercredi",0,852
"2012-04-24",2012,"avril",2,"mardi",0,853
"2014-04-10",2014,"avril",2,"jeudi",0,854
"2011-08-15",2011,"août",3,"lundi",0,855
"2012-05-31",2012,"mai",2,"jeudi",0,856
"2014-06-19",2014,"juin",2,"jeudi",0,857
"2012-07-27",2012,"juillet",3,"vendredi",0,858
"2014-07-15",2014,"juillet",3,"mardi",0,859
"2011-06-16",2011,"juin",2,"jeudi",0,860
"2013-09-16",2013,"septembre",3,"lundi",0,861
"2014-05-21",2014,"mai",2,"mercredi",0,862
"2012-04-10",2012,"avril",2,"mardi",0,863
"2012-11-22",2012,"novembre",4,"jeudi",0,864
"2013-07-16",2013,"juillet",3,"mardi",0,865
"2013-02-11",2013,"février",1,"lundi",0,866
"2011-06-09",2011,"juin",2,"jeudi",0,867
"2011-02-02",2011,"février",1,"mercredi",0,868
"2011-04-04",2011,"avril",2,"lundi",0,869
"2011-08-13",2011,"août",3,"samedi",1,870
"2012-07-20",2012,"juillet",3,"vendredi",0,871
"2014-06-13",2014,"juin",2,"vendredi",0,872
"2012-07-06",2012,"juillet",3,"vendredi",0,873
"2012-09-25",2012,"septembre",3,"mardi",0,874
"2011-07-18",2011,"juillet",3,"lundi",0,875
"2011-03-22",2011,"mars",1,"mardi",0,876
"2012-08-23",2012,"août",3,"jeudi",0,877
"2011-07-11",2011,"juillet",3,"lundi",0,878
"2013-03-01",2013,"mars",1,"vendredi",0,879
"2012-03-02",2012,"mars",1,"vendredi",0,880
"2012-07-11",2012,"juillet",3,"mercredi",0,881
"2011-04-11",2011,"avril",2,"lundi",0,882
"2011-06-28",2011,"juin",2,"mardi",0,883
"2012-10-22",2012,"octobre",4,"lundi",0,884
"2013-06-26",2013,"juin",2,"mercredi",0,885
"2014-10-20",2014,"octobre",4,"lundi",0,886
"2011-11-21",2011,"novembre",4,"lundi",0,887
"2012-12-14",2012,"décembre",4,"vendredi",0,888
"2012-06-22",2012,"juin",2,"vendredi",0,889
"2014-10-21",2014,"octobre",4,"mardi",0,890
"2012-12-28",2012,"décembre",4,"vendredi",0,891
"2012-10-19",2012,"octobre",4,"vendredi",0,892
"2011-07-08",2011,"juillet",3,"vendredi",0,893
"2013-08-04",2013,"août",3,"dimanche",1,894
"2014-02-03",2014,"février",1,"lundi",0,895
"2012-05-05",2012,"mai",2,"samedi",1,896
"2013-01-16",2013,"janvier",1,"mercredi",0,897
"2013-04-13",2013,"avril",2,"samedi",1,898
"2011-01-23",2011,"janvier",1,"dimanche",1,899
"2011-03-08",2011,"mars",1,"mardi",0,900
"2012-11-27",2012,"novembre",4,"mardi",0,901
"2012-03-27",2012,"mars",1,"mardi",0,902
"2011-01-19",2011,"janvier",1,"mercredi",0,903
"2012-01-22",2012,"janvier",1,"dimanche",1,904
"2014-11-16",2014,"novembre",4,"dimanche",1,905
"2014-04-25",2014,"avril",2,"vendredi",0,906
"2012-05-29",2012,"mai",2,"mardi",0,907
"2014-09-10",2014,"septembre",3,"mercredi",0,908
"2012-05-08",2012,"mai",2,"mardi",0,909
"2014-10-01",2014,"octobre",4,"mercredi",0,910
"2013-11-17",2013,"novembre",4,"dimanche",1,911
"2011-08-11",2011,"août",3,"jeudi",0,912
"2011-07-21",2011,"juillet",3,"jeudi",0,913
"2013-02-22",2013,"février",1,"vendredi",0,914
"2013-03-27",2013,"mars",1,"mercredi",0,915
"2014-03-22",2014,"mars",1,"samedi",1,916
"2014-03-12",2014,"mars",1,"mercredi",0,917
"2014-08-21",2014,"août",3,"jeudi",0,918
"2014-03-29",2014,"mars",1,"samedi",1,919
"2011-12-21",2011,"décembre",4,"mercredi",0,920
"2012-06-07",2012,"juin",2,"jeudi",0,921
"2014-05-10",2014,"mai",2,"samedi",1,922
"2014-01-15",2014,"janvier",1,"mercredi",0,923
"2012-01-23",2012,"janvier",1,"lundi",0,924
"2012-05-14",2012,"mai",2,"lundi",0,925
"2011-11-02",2011,"novembre",4,"mercredi",0,926
"2013-07-05",2013,"juillet",3,"vendredi",0,927
"2014-06-06",2014,"juin",2,"vendredi",0,928
"2011-03-07",2011,"mars",1,"lundi",0,929
"2014-01-09",2014,"janvier",1,"jeudi",0,930
"2013-03-14",2013,"mars",1,"jeudi",0,931
"2014-08-30",2014,"août",3,"samedi",1,932
"2011-11-24",2011,"novembre",4,"jeudi",0,933
"2012-08-21",2012,"août",3,"mardi",0,934
"2014-06-04",2014,"juin",2,"mercredi",0,935
"2013-11-06",2013,"novembre",4,"mercredi",0,936
"2012-04-30",2012,"avril",2,"lundi",0,937
"2014-06-07",2014,"juin",2,"samedi",1,938
"2013-09-02",2013,"septembre",3,"lundi",0,939
"2012-03-05",2012,"mars",1,"lundi",0,940
"2013-12-25",2013,"décembre",4,"mercredi",0,941
"2011-04-12",2011,"avril",2,"mardi",0,942
"2013-02-07",2013,"février",1,"jeudi",0,943
"2011-01-18",2011,"janvier",1,"mardi",0,944
"2012-08-18",2012,"août",3,"samedi",1,945
"2012-05-21",2012,"mai",2,"lundi",0,946
"2012-08-26",2012,"août",3,"dimanche",1,947
"2012-03-01",2012,"mars",1,"jeudi",0,948
"2011-08-22",2011,"août",3,"lundi",0,949
"2012-01-30",2012,"janvier",1,"lundi",0,950
"2012-07-26",2012,"juillet",3,"jeudi",0,951
"2012-04-06",2012,"avril",2,"vendredi",0,952
"2013-07-06",2013,"juillet",3,"samedi",1,953
"2012-08-13",2012,"août",3,"lundi",0,954
"2014-02-23",2014,"février",1,"dimanche",1,955
"2012-09-19",2012,"septembre",3,"mercredi",0,956
"2011-09-10",2011,"septembre",3,"samedi",1,957
"2011-07-25",2011,"juillet",3,"lundi",0,958
"2011-01-31",2011,"janvier",1,"lundi",0,959
"2011-04-20",2011,"avril",2,"mercredi",0,960
"2011-10-22",2011,"octobre",4,"samedi",1,961
"2011-08-25",2011,"août",3,"jeudi",0,962
"2012-06-06",2012,"juin",2,"mercredi",0,963
"2011-10-05",2011,"octobre",4,"mercredi",0,964
"2012-10-29",2012,"octobre",4,"lundi",0,965
"2013-05-07",2013,"mai",2,"mardi",0,966
"2013-09-26",2013,"septembre",3,"jeudi",0,967
"2013-05-23",2013,"mai",2,"jeudi",0,968
"2011-10-10",2011,"octobre",4,"lundi",0,969
"2013-01-11",2013,"janvier",1,"vendredi",0,970
"2011-10-21",2011,"octobre",4,"vendredi",0,971
"2013-11-08",2013,"novembre",4,"vendredi",0,972
"2014-04-23",2014,"avril",2,"mercredi",0,973
"2011-01-03",2011,"janvier",1,"lundi",0,974
"2012-10-18",2012,"octobre",4,"jeudi",0,975
"2012-01-03",2012,"janvier",1,"mardi",0,976
"2012-07-12",2012,"juillet",3,"jeudi",0,977
"2014-01-21",2014,"janvier",1,"mardi",0,978
"2013-02-19",2013,"février",1,"mardi",0,979
"2013-12-13",2013,"décembre",4,"vendredi",0,980
"2012-08-14",2012,"août",3,"mardi",0,981
"2013-09-29",2013,"septembre",3,"dimanche",1,982
"2012-06-27",2012,"juin",2,"mercredi",0,983
"2014-04-12",2014,"avril",2,"samedi",1,984
"2014-03-20",2014,"mars",1,"jeudi",0,985
"2013-08-28",2013,"août",3,"mercredi",0,986
"2011-04-01",2011,"avril",2,"vendredi",0,987
"2011-12-02",2011,"décembre",4,"vendredi",0,988
"2011-10-03",2011,"octobre",4,"lundi",0,989
"2013-12-27",2013,"décembre",4,"vendredi",0,990
"2012-11-17",2012,"novembre",4,"samedi",1,991
"2014-01-13",2014,"janvier",1,"lundi",0,992
"2014-04-18",2014,"avril",2,"vendredi",0,993
"2012-09-05",2012,"septembre",3,"mercredi",0,994
"2013-06-22",2013,"juin",2,"samedi",1,995
"2012-05-03",2012,"mai",2,"jeudi",0,996
"2011-07-12",2011,"juillet",3,"mardi",0,997
"2014-10-30",2014,"octobre",4,"jeudi",0,998
"2013-01-30",2013,"janvier",1,"mercredi",0,999
"2012-09-27",2012,"septembre",3,"jeudi",0,1000
"2012-02-13",2012,"février",1,"lundi",0,1001
"2012-02-15",2012,"février",1,"mercredi",0,1002
"2014-01-11",2014,"janvier",1,"samedi",1,1003
"2012-05-02",2012,"mai",2,"mercredi",0,1004
"2014-02-06",2014,"février",1,"jeudi",0,1005
"2011-11-08",2011,"novembre",4,"mardi",0,1006
"2011-12-05",2011,"décembre",4,"lundi",0,1007
"2012-04-17",2012,"avril",2,"mardi",0,1008
"2011-03-25",2011,"mars",1,"vendredi",0,1009
"2013-04-11",2013,"avril",2,"jeudi",0,1010
"2011-03-29",2011,"mars",1,"mardi",0,1011
"2012-08-11",2012,"août",3,"samedi",1,1012
"2011-04-22",2011,"avril",2,"vendredi",0,1013
"2012-12-22",2012,"décembre",4,"samedi",1,1014
"2013-07-31",2013,"juillet",3,"mercredi",0,1015
"2011-06-13",2011,"juin",2,"lundi",0,1016
"2012-10-03",2012,"octobre",4,"mercredi",0,1017
"2012-03-23",2012,"mars",1,"vendredi",0,1018
"2013-05-20",2013,"mai",2,"lundi",0,1019
"2011-07-13",2011,"juillet",3,"mercredi",0,1020
"2014-10-18",2014,"octobre",4,"samedi",1,1021
"2012-05-09",2012,"mai",2,"mercredi",0,1022
"2013-07-12",2013,"juillet",3,"vendredi",0,1023
"2014-05-25",2014,"mai",2,"dimanche",1,1024
"2011-04-21",2011,"avril",2,"jeudi",0,1025
"2014-07-27",2014,"juillet",3,"dimanche",1,1026
"2013-07-13",2013,"juillet",3,"samedi",1,1027
"2013-08-29",2013,"août",3,"jeudi",0,1028
"2014-01-10",2014,"janvier",1,"vendredi",0,1029
"2014-07-03",2014,"juillet",3,"jeudi",0,1030
"2012-06-02",2012,"juin",2,"samedi",1,1031
"2011-01-04",2011,"janvier",1,"mardi",0,1032
"2011-03-28",2011,"mars",1,"lundi",0,1033
"2011-05-18",2011,"mai",2,"mercredi",0,1034
"2012-10-27",2012,"octobre",4,"samedi",1,1035
"2012-02-22",2012,"février",1,"mercredi",0,1036
"2011-02-09",2011,"février",1,"mercredi",0,1037
"2014-03-08",2014,"mars",1,"samedi",1,1038
"2011-02-26",2011,"février",1,"samedi",1,1039
"2013-02-03",2013,"février",1,"dimanche",1,1040
"2011-07-04",2011,"juillet",3,"lundi",0,1041
"2013-03-16",2013,"mars",1,"samedi",1,1042
"2013-08-03",2013,"août",3,"samedi",1,1043
"2012-06-01",2012,"juin",2,"vendredi",0,1044
"2014-02-28",2014,"février",1,"vendredi",0,1045
"2012-11-07",2012,"novembre",4,"mercredi",0,1046
"2012-11-26",2012,"novembre",4,"lundi",0,1047
"2013-06-23",2013,"juin",2,"dimanche",1,1048
"2012-09-12",2012,"septembre",3,"mercredi",0,1049
"2013-01-03",2013,"janvier",1,"jeudi",0,1050
"2013-09-28",2013,"septembre",3,"samedi",1,1051
"2012-10-24",2012,"octobre",4,"mercredi",0,1052
"2014-06-01",2014,"juin",2,"dimanche",1,1053
"2013-03-21",2013,"mars",1,"jeudi",0,1054
"2012-11-09",2012,"novembre",4,"vendredi",0,1055
"2011-12-11",2011,"décembre",4,"dimanche",1,1056
"2013-07-19",2013,"juillet",3,"vendredi",0,1057
"2014-01-01",2014,"janvier",1,"mercredi",0,1058
"2013-03-22",2013,"mars",1,"vendredi",0,1059
"2014-07-16",2014,"juillet",3,"mercredi",0,1060
"2014-01-06",2014,"janvier",1,"lundi",0,1061
"2011-08-02",2011,"août",3,"mardi",0,1062
"2012-04-23",2012,"avril",2,"lundi",0,1063
"2014-04-29",2014,"avril",2,"mardi",0,1064
"2014-08-27",2014,"août",3,"mercredi",0,1065
"2012-07-24",2012,"juillet",3,"mardi",0,1066
"2014-08-09",2014,"août",3,"samedi",1,1067
"2012-01-05",2012,"janvier",1,"jeudi",0,1068
"2012-01-14",2012,"janvier",1,"samedi",1,1069
"2012-11-11",2012,"novembre",4,"dimanche",1,1070
"2011-03-17",2011,"mars",1,"jeudi",0,1071
"2012-03-24",2012,"mars",1,"samedi",1,1072
"2012-10-06",2012,"octobre",4,"samedi",1,1073
"2013-11-02",2013,"novembre",4,"samedi",1,1074
"2011-04-26",2011,"avril",2,"mardi",0,1075
"2014-08-25",2014,"août",3,"lundi",0,1076
"2012-05-12",2012,"mai",2,"samedi",1,1077
"2012-02-18",2012,"février",1,"samedi",1,1078
"2014-06-05",2014,"juin",2,"jeudi",0,1079
"2014-10-19",2014,"octobre",4,"dimanche",1,1080
"2014-02-19",2014,"février",1,"mercredi",0,1081
"2013-07-24",2013,"juillet",3,"mercredi",0,1082
"2012-03-09",2012,"mars",1,"vendredi",0,1083
"2012-02-09",2012,"février",1,"jeudi",0,1084
"2012-04-11",2012,"avril",2,"mercredi",0,1085
"2012-12-09",2012,"décembre",4,"dimanche",1,1086
"2011-05-28",2011,"mai",2,"samedi",1,1087
"2014-01-07",2014,"janvier",1,"mardi",0,1088
"2011-01-22",2011,"janvier",1,"samedi",1,1089
"2014-04-08",2014,"avril",2,"mardi",0,1090
"2012-02-07",2012,"février",1,"mardi",0,1091
"2011-03-30",2011,"mars",1,"mercredi",0,1092
"2011-03-24",2011,"mars",1,"jeudi",0,1093
"2011-06-23",2011,"juin",2,"jeudi",0,1094
"2011-08-31",2011,"août",3,"mercredi",0,1095
"2013-07-17",2013,"juillet",3,"mercredi",0,1096
"2013-11-20",2013,"novembre",4,"mercredi",0,1097
"2014-12-12",2014,"décembre",4,"vendredi",0,1098
"2011-07-05",2011,"juillet",3,"mardi",0,1099
"2013-09-18",2013,"septembre",3,"mercredi",0,1100
"2014-04-26",2014,"avril",2,"samedi",1,1101
"2014-02-26",2014,"février",1,"mercredi",0,1102
"2011-10-01",2011,"octobre",4,"samedi",1,1103
"2011-04-14",2011,"avril",2,"jeudi",0,1104
"2012-06-28",2012,"juin",2,"jeudi",0,1105
"2011-01-26",2011,"janvier",1,"mercredi",0,1106
"2012-04-26",2012,"avril",2,"jeudi",0,1107
"2013-10-13",2013,"octobre",4,"dimanche",1,1108
"2011-01-15",2011,"janvier",1,"samedi",1,1109
"2013-06-29",2013,"juin",2,"samedi",1,1110
"2013-05-02",2013,"mai",2,"jeudi",0,1111
"2013-07-14",2013,"juillet",3,"dimanche",1,1112
"2012-01-09",2012,"janvier",1,"lundi",0,1113
"2012-10-20",2012,"octobre",4,"samedi",1,1114
"2011-10-12",2011,"octobre",4,"mercredi",0,1115
"2011-10-20",2011,"octobre",4,"jeudi",0,1116
"2011-05-05",2011,"mai",2,"jeudi",0,1117
"2014-06-29",2014,"juin",2,"dimanche",1,1118
"2013-07-18",2013,"juillet",3,"jeudi",0,1119
"2011-01-20",2011,"janvier",1,"jeudi",0,1120
"2011-04-07",2011,"avril",2,"jeudi",0,1121
"2011-05-10",2011,"mai",2,"mardi",0,1122
"2011-07-23",2011,"juillet",3,"samedi",1,1123
"2013-04-20",2013,"avril",2,"samedi",1,1124
"2014-03-07",2014,"mars",1,"vendredi",0,1125
"2011-06-14",2011,"juin",2,"mardi",0,1126
"2011-09-11",2011,"septembre",3,"dimanche",1,1127
"2012-02-10",2012,"février",1,"vendredi",0,1128
"2013-04-22",2013,"avril",2,"lundi",0,1129
"2012-04-27",2012,"avril",2,"vendredi",0,1130
"2013-09-15",2013,"septembre",3,"dimanche",1,1131
"2011-02-22",2011,"février",1,"mardi",0,1132
"2013-04-27",2013,"avril",2,"samedi",1,1133
"2013-01-24",2013,"janvier",1,"jeudi",0,1134
"2012-07-14",2012,"juillet",3,"samedi",1,1135
"2011-09-13",2011,"septembre",3,"mardi",0,1136
"2014-07-07",2014,"juillet",3,"lundi",0,1137
"2013-05-26",2013,"mai",2,"dimanche",1,1138
"2012-05-18",2012,"mai",2,"vendredi",0,1139
"2012-01-04",2012,"janvier",1,"mercredi",0,1140
"2011-03-04",2011,"mars",1,"vendredi",0,1141
"2011-05-26",2011,"mai",2,"jeudi",0,1142
"2011-10-11",2011,"octobre",4,"mardi",0,1143
"2011-10-25",2011,"octobre",4,"mardi",0,1144
"2012-01-20",2012,"janvier",1,"vendredi",0,1145
"2013-04-02",2013,"avril",2,"mardi",0,1146
"2012-10-16",2012,"octobre",4,"mardi",0,1147
"2013-02-25",2013,"février",1,"lundi",0,1148
"2013-02-02",2013,"février",1,"samedi",1,1149
"2013-07-28",2013,"juillet",3,"dimanche",1,1150
"2011-10-02",2011,"octobre",4,"dimanche",1,1151
"2012-04-09",2012,"avril",2,"lundi",0,1152
"2013-12-07",2013,"décembre",4,"samedi",1,1153
"2011-11-20",2011,"novembre",4,"dimanche",1,1154
"2011-09-05",2011,"septembre",3,"lundi",0,1155
"2013-06-16",2013,"juin",2,"dimanche",1,1156
"2012-06-09",2012,"juin",2,"samedi",1,1157
"2013-01-17",2013,"janvier",1,"jeudi",0,1158
"2011-10-08",2011,"octobre",4,"samedi",1,1159
"2012-03-12",2012,"mars",1,"lundi",0,1160
"2011-03-23",2011,"mars",1,"mercredi",0,1161
"2013-03-15",2013,"mars",1,"vendredi",0,1162
"2014-02-05",2014,"février",1,"mercredi",0,1163
"2011-10-24",2011,"octobre",4,"lundi",0,1164
"2011-02-21",2011,"février",1,"lundi",0,1165
"2011-05-09",2011,"mai",2,"lundi",0,1166
"2011-05-20",2011,"mai",2,"vendredi",0,1167
"2013-04-06",2013,"avril",2,"samedi",1,1168
"2014-05-30",2014,"mai",2,"vendredi",0,1169
"2012-07-30",2012,"juillet",3,"lundi",0,1170
"2013-08-08",2013,"août",3,"jeudi",0,1171
"2011-12-30",2011,"décembre",4,"vendredi",0,1172
"2011-01-13",2011,"janvier",1,"jeudi",0,1173
"2011-05-06",2011,"mai",2,"vendredi",0,1174
"2011-07-29",2011,"juillet",3,"vendredi",0,1175
"2012-03-31",2012,"mars",1,"samedi",1,1176
"2012-03-08",2012,"mars",1,"jeudi",0,1177
"2012-09-09",2012,"septembre",3,"dimanche",1,1178
"2014-05-03",2014,"mai",2,"samedi",1,1179
"2014-04-20",2014,"avril",2,"dimanche",1,1180
"2014-01-22",2014,"janvier",1,"mercredi",0,1181
"2014-11-23",2014,"novembre",4,"dimanche",1,1182
"2014-07-28",2014,"juillet",3,"lundi",0,1183
"2011-03-19",2011,"mars",1,"samedi",1,1184
"2012-07-10",2012,"juillet",3,"mardi",0,1185
"2011-05-07",2011,"mai",2,"samedi",1,1186
"2014-09-20",2014,"septembre",3,"samedi",1,1187
"2012-12-16",2012,"décembre",4,"dimanche",1,1188
"2012-07-02",2012,"juillet",3,"lundi",0,1189
"2011-08-24",2011,"août",3,"mercredi",0,1190
"2013-02-23",2013,"février",1,"samedi",1,1191
"2012-01-21",2012,"janvier",1,"samedi",1,1192
"2013-04-10",2013,"avril",2,"mercredi",0,1193
"2013-04-19",2013,"avril",2,"vendredi",0,1194
"2013-07-09",2013,"juillet",3,"mardi",0,1195
"2011-03-15",2011,"mars",1,"mardi",0,1196
"2012-02-20",2012,"février",1,"lundi",0,1197
"2012-01-27",2012,"janvier",1,"vendredi",0,1198
"2012-07-01",2012,"juillet",3,"dimanche",1,1199
"2012-10-08",2012,"octobre",4,"lundi",0,1200
"2014-02-22",2014,"février",1,"samedi",1,1201
"2014-11-15",2014,"novembre",4,"samedi",1,1202
"2011-04-19",2011,"avril",2,"mardi",0,1203
"2014-05-04",2014,"mai",2,"dimanche",1,1204
"2012-10-26",2012,"octobre",4,"vendredi",0,1205
"2013-05-05",2013,"mai",2,"dimanche",1,1206
"2013-08-30",2013,"août",3,"vendredi",0,1207
"2013-12-28",2013,"décembre",4,"samedi",1,1208
"2012-04-03",2012,"avril",2,"mardi",0,1209
"2013-04-24",2013,"avril",2,"mercredi",0,1210
"2011-05-11",2011,"mai",2,"mercredi",0,1211
"2013-08-09",2013,"août",3,"vendredi",0,1212
"2011-08-23",2011,"août",3,"mardi",0,1213
"2012-01-19",2012,"janvier",1,"jeudi",0,1214
"2014-04-27",2014,"avril",2,"dimanche",1,1215
"2014-04-19",2014,"avril",2,"samedi",1,1216
"2011-10-16",2011,"octobre",4,"dimanche",1,1217
"2011-02-04",2011,"février",1,"vendredi",0,1218
"2011-07-06",2011,"juillet",3,"mercredi",0,1219
"2011-04-15",2011,"avril",2,"vendredi",0,1220
"2012-10-21",2012,"octobre",4,"dimanche",1,1221
"2011-04-29",2011,"avril",2,"vendredi",0,1222
"2012-02-17",2012,"février",1,"vendredi",0,1223
"2013-02-16",2013,"février",1,"samedi",1,1224
"2012-07-05",2012,"juillet",3,"jeudi",0,1225
"2012-04-07",2012,"avril",2,"samedi",1,1226
"2011-06-05",2011,"juin",2,"dimanche",1,1227
"2011-01-30",2011,"janvier",1,"dimanche",1,1228
"2014-03-09",2014,"mars",1,"dimanche",1,1229
"2012-04-21",2012,"avril",2,"samedi",1,1230
"2012-09-08",2012,"septembre",3,"samedi",1,1231
"2013-03-09",2013,"mars",1,"samedi",1,1232
"2012-08-05",2012,"août",3,"dimanche",1,1233
"2014-03-10",2014,"mars",1,"lundi",0,1234
"2014-05-12",2014,"mai",2,"lundi",0,1235
"2014-04-06",2014,"avril",2,"dimanche",1,1236
"2011-03-16",2011,"mars",1,"mercredi",0,1237
"2014-01-26",2014,"janvier",1,"dimanche",1,1238
"2014-12-06",2014,"décembre",4,"samedi",1,1239
"2011-09-18",2011,"septembre",3,"dimanche",1,1240
"2013-05-18",2013,"mai",2,"samedi",1,1241
"2014-11-30",2014,"novembre",4,"dimanche",1,1242
"2011-07-09",2011,"juillet",3,"samedi",1,1243
"2012-05-01",2012,"mai",2,"mardi",0,1244
"2014-04-04",2014,"avril",2,"vendredi",0,1245
"2013-01-14",2013,"janvier",1,"lundi",0,1246
"2013-05-13",2013,"mai",2,"lundi",0,1247
"2012-12-29",2012,"décembre",4,"samedi",1,1248
"2011-02-01",2011,"février",1,"mardi",0,1249
"2011-09-17",2011,"septembre",3,"samedi",1,1250
"2012-11-12",2012,"novembre",4,"lundi",0,1251
"2014-04-05",2014,"avril",2,"samedi",1,1252
"2012-09-16",2012,"septembre",3,"dimanche",1,1253
"2014-01-02",2014,"janvier",1,"jeudi",0,1254
"2012-02-16",2012,"février",1,"jeudi",0,1255
"2011-03-05",2011,"mars",1,"samedi",1,1256
"2011-02-27",2011,"février",1,"dimanche",1,1257
"2011-01-12",2011,"janvier",1,"mercredi",0,1258
"2013-02-28",2013,"février",1,"jeudi",0,1259
"2014-06-15",2014,"juin",2,"dimanche",1,1260
"2014-03-01",2014,"mars",1,"samedi",1,1261
"2014-02-15",2014,"février",1,"samedi",1,1262
"2012-02-01",2012,"février",1,"mercredi",0,1263
"2011-07-15",2011,"juillet",3,"vendredi",0,1264
"2011-03-02",2011,"mars",1,"mercredi",0,1265
"2013-02-15",2013,"février",1,"vendredi",0,1266
"2011-01-28",2011,"janvier",1,"vendredi",0,1267
"2012-01-24",2012,"janvier",1,"mardi",0,1268
"2013-12-01",2013,"décembre",4,"dimanche",1,1269
"2013-03-07",2013,"mars",1,"jeudi",0,1270
"2011-04-02",2011,"avril",2,"samedi",1,1271
"2013-03-31",2013,"mars",1,"dimanche",1,1272
"2014-11-09",2014,"novembre",4,"dimanche",1,1273
"2013-09-23",2013,"septembre",3,"lundi",0,1274
"2011-05-16",2011,"mai",2,"lundi",0,1275
"2012-04-29",2012,"avril",2,"dimanche",1,1276
"2013-10-20",2013,"octobre",4,"dimanche",1,1277
"2013-12-05",2013,"décembre",4,"jeudi",0,1278
"2014-10-05",2014,"octobre",4,"dimanche",1,1279
"2013-03-28",2013,"mars",1,"jeudi",0,1280
"2011-06-27",2011,"juin",2,"lundi",0,1281
"2012-03-11",2012,"mars",1,"dimanche",1,1282
"2013-02-04",2013,"février",1,"lundi",0,1283
"2013-12-15",2013,"décembre",4,"dimanche",1,1284
"2011-01-16",2011,"janvier",1,"dimanche",1,1285
"2012-02-03",2012,"février",1,"vendredi",0,1286
"2012-01-18",2012,"janvier",1,"mercredi",0,1287
"2014-08-31",2014,"août",3,"dimanche",1,1288
"2013-02-13",2013,"février",1,"mercredi",0,1289
"2013-06-02",2013,"juin",2,"dimanche",1,1290
"2012-08-04",2012,"août",3,"samedi",1,1291
"2012-09-02",2012,"septembre",3,"dimanche",1,1292
"2014-04-13",2014,"avril",2,"dimanche",1,1293
"2014-08-17",2014,"août",3,"dimanche",1,1294
"2012-05-06",2012,"mai",2,"dimanche",1,1295
"2012-01-29",2012,"janvier",1,"dimanche",1,1296
"2012-07-19",2012,"juillet",3,"jeudi",0,1297
"2011-05-25",2011,"mai",2,"mercredi",0,1298
"2012-02-28",2012,"février",1,"mardi",0,1299
"2012-04-15",2012,"avril",2,"dimanche",1,1300
"2014-05-14",2014,"mai",2,"mercredi",0,1301
"2013-04-14",2013,"avril",2,"dimanche",1,1302
"2013-01-26",2013,"janvier",1,"samedi",1,1303
"2014-12-28",2014,"décembre",4,"dimanche",1,1304
"2014-08-03",2014,"août",3,"dimanche",1,1305
"2011-01-06",2011,"janvier",1,"jeudi",0,1306
"2012-09-30",2012,"septembre",3,"dimanche",1,1307
"2013-02-10",2013,"février",1,"dimanche",1,1308
"2011-04-13",2011,"avril",2,"mercredi",0,1309
"2012-06-17",2012,"juin",2,"dimanche",1,1310
"2011-04-03",2011,"avril",2,"dimanche",1,1311
"2011-03-26",2011,"mars",1,"samedi",1,1312
"2013-09-08",2013,"septembre",3,"dimanche",1,1313
"2011-08-20",2011,"août",3,"samedi",1,1314
"2012-05-26",2012,"mai",2,"samedi",1,1315
"2012-07-28",2012,"juillet",3,"samedi",1,1316
"2014-05-11",2014,"mai",2,"dimanche",1,1317
"2014-09-14",2014,"septembre",3,"dimanche",1,1318
"2013-05-19",2013,"mai",2,"dimanche",1,1319
"2011-01-01",2011,"janvier",1,"samedi",1,1320
"2013-12-29",2013,"décembre",4,"dimanche",1,1321
"2011-01-09",2011,"janvier",1,"dimanche",1,1322
"2013-01-06",2013,"janvier",1,"dimanche",1,1323
"2011-01-25",2011,"janvier",1,"mardi",0,1324
"2011-02-07",2011,"février",1,"lundi",0,1325
"2012-09-11",2012,"septembre",3,"mardi",0,1326
"2014-06-22",2014,"juin",2,"dimanche",1,1327
"2011-04-09",2011,"avril",2,"samedi",1,1328
"2014-02-01",2014,"février",1,"samedi",1,1329
"2012-12-23",2012,"décembre",4,"dimanche",1,1330
"2011-07-31",2011,"juillet",3,"dimanche",1,1331
"2011-01-29",2011,"janvier",1,"samedi",1,1332
"2012-02-29",2012,"février",1,"mercredi",0,1333
"2012-04-01",2012,"avril",2,"dimanche",1,1334
"2014-12-14",2014,"décembre",4,"dimanche",1,1335
"2012-07-21",2012,"juillet",3,"samedi",1,1336
"2013-03-24",2013,"mars",1,"dimanche",1,1337
"2014-01-05",2014,"janvier",1,"dimanche",1,1338
"2012-11-04",2012,"novembre",4,"dimanche",1,1339
"2012-03-03",2012,"mars",1,"samedi",1,1340
"2013-09-07",2013,"septembre",3,"samedi",1,1341
"2014-03-23",2014,"mars",1,"dimanche",1,1342
"2011-02-17",2011,"février",1,"jeudi",0,1343
"2011-05-15",2011,"mai",2,"dimanche",1,1344
"2012-08-12",2012,"août",3,"dimanche",1,1345
"2012-03-10",2012,"mars",1,"samedi",1,1346
"2011-01-27",2011,"janvier",1,"jeudi",0,1347
"2011-12-04",2011,"décembre",4,"dimanche",1,1348
"2011-01-02",2011,"janvier",1,"dimanche",1,1349
"2012-01-31",2012,"janvier",1,"mardi",0,1350
"2012-02-05",2012,"février",1,"dimanche",1,1351
"2013-03-03",2013,"mars",1,"dimanche",1,1352
"2011-09-03",2011,"septembre",3,"samedi",1,1353
"2011-04-23",2011,"avril",2,"samedi",1,1354
"2013-12-08",2013,"décembre",4,"dimanche",1,1355
"2012-01-06",2012,"janvier",1,"vendredi",0,1356
"2012-10-28",2012,"octobre",4,"dimanche",1,1357
"2013-07-27",2013,"juillet",3,"samedi",1,1358
"2014-03-02",2014,"mars",1,"dimanche",1,1359
"2012-02-19",2012,"février",1,"dimanche",1,1360
"2013-01-27",2013,"janvier",1,"dimanche",1,1361
"2011-02-08",2011,"février",1,"mardi",0,1362
"2014-09-07",2014,"septembre",3,"dimanche",1,1363
"2012-06-24",2012,"juin",2,"dimanche",1,1364
"2013-08-25",2013,"août",3,"dimanche",1,1365
"2012-05-20",2012,"mai",2,"dimanche",1,1366
"2014-12-21",2014,"décembre",4,"dimanche",1,1367
"2013-10-19",2013,"octobre",4,"samedi",1,1368
"2013-06-09",2013,"juin",2,"dimanche",1,1369
"2014-03-30",2014,"mars",1,"dimanche",1,1370
"2013-08-11",2013,"août",3,"dimanche",1,1371
"2011-03-09",2011,"mars",1,"mercredi",0,1372
"2013-11-10",2013,"novembre",4,"dimanche",1,1373
"2012-06-03",2012,"juin",2,"dimanche",1,1374
"2014-05-18",2014,"mai",2,"dimanche",1,1375
"2011-02-11",2011,"février",1,"vendredi",0,1376
"2014-07-06",2014,"juillet",3,"dimanche",1,1377
"2013-05-12",2013,"mai",2,"dimanche",1,1378
"2013-09-01",2013,"septembre",3,"dimanche",1,1379
"2011-03-06",2011,"mars",1,"dimanche",1,1380
"2011-08-06",2011,"août",3,"samedi",1,1381
"2014-02-16",2014,"février",1,"dimanche",1,1382
"2012-03-17",2012,"mars",1,"samedi",1,1383
"2011-04-24",2011,"avril",2,"dimanche",1,1384
"2012-11-18",2012,"novembre",4,"dimanche",1,1385
"2011-07-02",2011,"juillet",3,"samedi",1,1386
"2012-09-23",2012,"septembre",3,"dimanche",1,1387
"2014-07-13",2014,"juillet",3,"dimanche",1,1388
"2012-05-19",2012,"mai",2,"samedi",1,1389
"2014-02-09",2014,"février",1,"dimanche",1,1390
"2012-11-25",2012,"novembre",4,"dimanche",1,1391
"2012-05-13",2012,"mai",2,"dimanche",1,1392
"2012-02-12",2012,"février",1,"dimanche",1,1393
"2014-01-19",2014,"janvier",1,"dimanche",1,1394
"2013-07-21",2013,"juillet",3,"dimanche",1,1395
"2011-07-17",2011,"juillet",3,"dimanche",1,1396
"2012-10-07",2012,"octobre",4,"dimanche",1,1397
"2011-10-30",2011,"octobre",4,"dimanche",1,1398
"2011-02-19",2011,"février",1,"samedi",1,1399
"2011-12-25",2011,"décembre",4,"dimanche",1,1400
"2011-11-13",2011,"novembre",4,"dimanche",1,1401
"2011-11-27",2011,"novembre",4,"dimanche",1,1402
"2011-07-24",2011,"juillet",3,"dimanche",1,1403
"2011-10-09",2011,"octobre",4,"dimanche",1,1404
"2012-12-02",2012,"décembre",4,"dimanche",1,1405
"2011-05-22",2011,"mai",2,"dimanche",1,1406
"2013-03-10",2013,"mars",1,"dimanche",1,1407
"2013-03-17",2013,"mars",1,"dimanche",1,1408
"2011-02-03",2011,"février",1,"jeudi",0,1409
"2011-08-07",2011,"août",3,"dimanche",1,1410
"2013-09-22",2013,"septembre",3,"dimanche",1,1411
"2012-02-11",2012,"février",1,"samedi",1,1412
"2012-10-14",2012,"octobre",4,"dimanche",1,1413
"2011-02-05",2011,"février",1,"samedi",1,1414
"2014-03-16",2014,"mars",1,"dimanche",1,1415
"2011-06-19",2011,"juin",2,"dimanche",1,1416
"2013-10-06",2013,"octobre",4,"dimanche",1,1417
"2011-02-13",2011,"février",1,"dimanche",1,1418
"2013-08-18",2013,"août",3,"dimanche",1,1419
"2013-01-13",2013,"janvier",1,"dimanche",1,1420
"2014-01-12",2014,"janvier",1,"dimanche",1,1421
"2012-07-29",2012,"juillet",3,"dimanche",1,1422
"2012-07-15",2012,"juillet",3,"dimanche",1,1423
"2012-08-19",2012,"août",3,"dimanche",1,1424
"2011-03-27",2011,"mars",1,"dimanche",1,1425
"2011-06-12",2011,"juin",2,"dimanche",1,1426
"2012-07-08",2012,"juillet",3,"dimanche",1,1427
"2013-07-07",2013,"juillet",3,"dimanche",1,1428
"2012-05-27",2012,"mai",2,"dimanche",1,1429
"2011-02-06",2011,"février",1,"dimanche",1,1430
